<edmx:Edmx xmlns:edmx="http://schemas.microsoft.com/ado/2007/06/edmx"
	xmlns:m="http://schemas.microsoft.com/ado/2007/08/dataservices/metadata" xmlns:sap="http://www.sap.com/Protocols/SAPData" Version="1.0">
	<edmx:DataServices m:DataServiceVersion="2.0">
		<Schema xmlns="http://schemas.microsoft.com/ado/2008/09/edm" Namespace="ZODATA_ASSIGN1_SATYA_SRV" xml:lang="en" sap:schema-version="1">
			<EntityType Name="POHeader" sap:content-version="1">
				<Key><PropertyRef Name="EBELN"/></Key><Property Name="EBELN" Type="Edm.String" Nullable="false" MaxLength="10" sap:unicode="false" sap:label="Purchasing Doc."
					sap:creatable="false" sap:updatable="false" sap:sortable="false" sap:filterable="false"/><Property Name="LIFNR" Type="Edm.String" Nullable="false" MaxLength="10" sap:unicode="false" sap:label="Vendor" sap:creatable="false"
					sap:updatable="false" sap:sortable="false" sap:filterable="false"/><Property Name="BUKRS" Type="Edm.String" Nullable="false" MaxLength="4" sap:unicode="false" sap:label="Company Code" sap:creatable="false"
					sap:updatable="false" sap:sortable="false" sap:filterable="false"/><Property Name="ERNAM" Type="Edm.String" Nullable="false" MaxLength="12" sap:unicode="false" sap:label="Created by" sap:creatable="false"
					sap:updatable="false" sap:sortable="false" sap:filterable="false"/><Property Name="BSTYP" Type="Edm.String" Nullable="false" MaxLength="1" sap:unicode="false" sap:label="Doc. Category" sap:creatable="false"
					sap:updatable="false" sap:sortable="false" sap:filterable="false"/><Property Name="BSART" Type="Edm.String" Nullable="false" MaxLength="4" sap:unicode="false" sap:label="Document Type" sap:creatable="false"
					sap:updatable="false" sap:sortable="false" sap:filterable="false"/><Property Name="BSAKZ" Type="Edm.String" Nullable="false" MaxLength="1" sap:unicode="false" sap:label="Control" sap:creatable="false"
					sap:updatable="false" sap:sortable="false" sap:filterable="false"/><NavigationProperty Name="HeadToItemNav" Relationship="ZODATA_ASSIGN1_SATYA_SRV.HeadToItemAss" FromRole="FromRole_HeadToItemAss"
					ToRole="ToRole_HeadToItemAss"/></EntityType>
			<EntityType Name="POItem" sap:content-version="1">
				<Key><PropertyRef Name="EBELN"/><PropertyRef Name="EBELP"/></Key><Property Name="EBELN" Type="Edm.String" Nullable="false" MaxLength="10" sap:unicode="false" sap:label="Purchasing Doc."
					sap:creatable="false" sap:updatable="false" sap:sortable="false" sap:filterable="false"/><Property Name="EBELP" Type="Edm.String" Nullable="false" MaxLength="5" sap:unicode="false" sap:label="Item" sap:creatable="false"
					sap:updatable="false" sap:sortable="false" sap:filterable="false"/><Property Name="TXZ01" Type="Edm.String" Nullable="false" MaxLength="40" sap:unicode="false" sap:label="Short Text" sap:creatable="false"
					sap:updatable="false" sap:sortable="false" sap:filterable="false"/><Property Name="MATNR" Type="Edm.String" Nullable="false" MaxLength="40" sap:unicode="false" sap:label="Material" sap:creatable="false"
					sap:updatable="false" sap:sortable="false" sap:filterable="false"/><Property Name="WERKS" Type="Edm.String" Nullable="false" MaxLength="4" sap:unicode="false" sap:label="Plant" sap:creatable="false"
					sap:updatable="false" sap:sortable="false" sap:filterable="false"/><Property Name="LGORT" Type="Edm.String" Nullable="false" MaxLength="4" sap:unicode="false" sap:label="Stor. Loc." sap:creatable="false"
					sap:updatable="false" sap:sortable="false" sap:filterable="false"/></EntityType>
			<Association Name="HeadToItemAss" sap:content-version="1"><End Type="ZODATA_ASSIGN1_SATYA_SRV.POHeader" Multiplicity="1" Role="FromRole_HeadToItemAss"/><End Type="ZODATA_ASSIGN1_SATYA_SRV.POItem" Multiplicity="*" Role="ToRole_HeadToItemAss"/>
				<ReferentialConstraint>
					<Principal Role="FromRole_HeadToItemAss"><PropertyRef Name="EBELN"/></Principal>
					<Dependent Role="ToRole_HeadToItemAss"><PropertyRef Name="EBELN"/></Dependent>
				</ReferentialConstraint>
			</Association>
			<EntityContainer Name="ZODATA_ASSIGN1_SATYA_SRV_Entities" m:IsDefaultEntityContainer="true" sap:supported-formats="atom json xlsx"><EntitySet Name="POHeaderSet" EntityType="ZODATA_ASSIGN1_SATYA_SRV.POHeader" sap:creatable="false" sap:updatable="false"
				sap:deletable="false" sap:pageable="false" sap:content-version="1"/><EntitySet Name="POItemSet" EntityType="ZODATA_ASSIGN1_SATYA_SRV.POItem" sap:creatable="false" sap:updatable="false" sap:deletable="false"
				sap:pageable="false" sap:content-version="1"/>
				<AssociationSet Name="HeadToItemAssSet" Association="ZODATA_ASSIGN1_SATYA_SRV.HeadToItemAss" sap:creatable="false" sap:updatable="false"
					sap:deletable="false" sap:content-version="1"><End EntitySet="POHeaderSet" Role="FromRole_HeadToItemAss"/><End EntitySet="POItemSet" Role="ToRole_HeadToItemAss"/></AssociationSet>
			</EntityContainer><atom:link xmlns:atom="http://www.w3.org/2005/Atom" rel="self" href="./sap/ZODATA_ASSIGN1_SATYA_SRV/$metadata"/><atom:link xmlns:atom="http://www.w3.org/2005/Atom" rel="latest-version" href="./sap/ZODATA_ASSIGN1_SATYA_SRV/$metadata"/></Schema>
	</edmx:DataServices>
</edmx:Edmx>